Workbook

Sheet Buku_Besar
A1: Kode Barang | B1: Nama Barang | C1: Jumlah Unit Stock Opname | D1: Unit Stock Opname | E1: Minimum Order / Unit | F1: Jumlah / Unit Serah Terima | G1: Satuan | H1: Harga Barang / Satuan (Rp) | I1: Harga Barang / Unit (Rp) | J1: Tanggal Masuk | K1: Tanggal Keluar | L1: Stock Awal | M1: Barang Masuk | N1: Barang Keluar | O1: Sisa Stock | P1: Nomor Dokumen | Q1: Nama Cabang/Unit Kerja | R1: PIC Cabang/Unit Kerja | S1: Tanggal Kirim | T1: Petugas Gudang | U1: Tanggal Barang diterima | V1: No FPKB | W1: No BAST | X1: Awal | Y1: Akhir | Z1: Keterangan | AA1: Status | AB1: Kode GL | AC1: Kategori GL | AD1: Keterangan GL | AE1: Sumber GL
A2: ATF-004 | B2: Kartu Flazz Persembahanku | C2: 403 | D2: Pcs | E2: 1 Pcs | F2: 1 | G2: Pcs | H2: 23000 | I2: 23000 | J2: 46185 | L2: 403 | O2: 403 | AB2: 1442305 | AC2: ATF | AD2: KARTU FLAZZ BCAS | AE2: Sudah ada (cocok sistem)
A3: ATF-004 | B3: Kartu Flazz Persembahanku | C3: 403 | D3: Pcs | E3: 1 Pcs | F3: 1 | G3: Pcs | H3: 23000 | I3: 23000 | J3: 46185 | M3: 1 | O3: 404 | Z3: Reject | AB3: 1442305 | AC3: ATF | AD3: KARTU FLAZZ BCAS | AE3: Sudah ada (cocok sistem)
A4: ATF-008 | B4: Flazz Edisi Haji | C4: 1 | D4: Pcs | E4: 1 Pcs | F4: 1 | G4: Pcs | H4: 23000 | I4: 23000 | J4: 46185 | L4: 1 | O4: 1 | Z4: Reject | AB4: 1442305 | AC4: ATF | AD4: KARTU FLAZZ BCAS | AE4: Sudah ada (cocok sistem)
A5: ATF-010 | B5: Flazz Edisi Masjid Pink | C5: 4 | D5: Pcs | E5: 1 Pcs | F5: 1 | G5: Pcs | H5: 23000 | I5: 23000 | J5: 46185 | L5: 4 | O5: 4 | Z5: Reject | AB5: 1442305 | AC5: ATF | AD5: KARTU FLAZZ BCAS | AE5: Sudah ada (cocok sistem)
A6: ATF-011 | B6: Flazz Edisi Tahajud | C6: 13 | D6: Pcs | E6: 1 Pcs | F6: 1 | G6: Pcs | H6: 23000 | I6: 23000 | J6: 46185 | L6: 13 | O6: 13 | Z6: Reject | AB6: 1442305 | AC6: ATF | AD6: KARTU FLAZZ BCAS | AE6: Sudah ada (cocok sistem)
A7: ATF-014 | B7: Flazz Green Earth | C7: 6 | D7: Pcs | E7: 1 Pcs | F7: 1 | G7: Pcs | H7: 35000 | I7: 35000 | J7: 46185 | L7: 6 | O7: 6 | AB7: 1442305 | AC7: ATF | AD7: KARTU FLAZZ BCAS | AE7: Sudah ada (cocok sistem)
A8: ATF-015 | B8: Flazz Logo BSya | C8: 3370 | D8: Pcs | E8: 1 Pcs | F8: 1 | G8: Pcs | H8: 35000 | I8: 35000 | J8: 46185 | L8: 3370 | O8: 3370 | AB8: 1442305 | AC8: ATF | AD8: KARTU FLAZZ BCAS | AE8: Sudah ada (cocok sistem)
A9: ATF-015 | B9: Flazz Logo BSya | C9: 3370 | D9: Pcs | E9: 1 Pcs | F9: 1 | G9: Pcs | H9: 35000 | I9: 35000 | K9: 46192 | N9: 1300 | O9: 2070 | P9: 104/FPP/LOG/2026 | Q9: KC Surabaya | S9: 46192 | T9: Ikbal | U9: 46195 | AB9: 1442305 | AC9: ATF | AD9: KARTU FLAZZ BCAS | AE9: Sudah ada (cocok sistem)
A10: ATF-015 | B10: Flazz Logo BSya | C10: 3370 | D10: Pcs | E10: 1 Pcs | F10: 1 | G10: Pcs | H10: 35000 | I10: 35000 | K10: 46209 | N10: 2 | O10: 2068 | P10: 00102/BAST-ASET/LOG/2026 | Q10: DJP | R10: Dinar | S10: 46209 | T10: Ikbal | U10: 46209 | AB10: 1442305 | AC10: ATF | AD10: KARTU FLAZZ BCAS | AE10: Sudah ada (cocok sistem)
A11: ATF-015 | B11: Flazz Logo BSya | C11: 3370 | D11: Pcs | E11: 1 Pcs | F11: 1 | G11: Pcs | H11: 35000 | I11: 35000 | K11: 46211 | N11: 1 | O11: 2067 | P11: 00104/BAST-ASET/LOG/2026 | Q11: MRK | R11: Kheni | S11: 46211 | T11: Ikbal | U11: 46211 | AB11: 1442305 | AC11: ATF | AD11: KARTU FLAZZ BCAS | AE11: Sudah ada (cocok sistem)
A12: ATF-016 | B12: Flazz BSya Kucing Naik Motor | C12: 10 | D12: Pcs | E12: 1 Pcs | F12: 1 | G12: Pcs | H12: 35000 | I12: 35000 | J12: 46185 | L12: 10 | O12: 10 | AB12: 1442305 | AC12: ATF | AD12: KARTU FLAZZ BCAS | AE12: Sudah ada (cocok sistem)
A13: ATMS-705 | B13: Laporan Kehilangan Kartu ATM | C13: 80 | D13: Pack | E13: 1 Pack | F13: 50 | G13: Set | H13: 475.2 | I13: 475.2 | J13: 46185 | L13: 80 | O13: 80 | AB13: 1442301 | AC13: CTK | AD13: BARANG CETAKAN | AE13: Sudah ada (cocok sistem)
A14: ATMS-705 | B14: Laporan Kehilangan Kartu ATM | C14: 80 | D14: Pack | E14: 1 Pack | F14: 50 | G14: Set | H14: 475.2 | I14: 475.2 | K14: 46192 | N14: 1 | O14: 79 | Q14: Cikini | R14: Hermanto | S14: 46192 | T14: Ikbal | U14: 46192 | W14: 095/BAST/ASET/LOG/2026 | AB14: 1442301 | AC14: CTK | AD14: BARANG CETAKAN | AE14: Sudah ada (cocok sistem)
A15: IDSS-001 | B15: Kartu Spesimen | C15: 1 | D15: Pack | E15: 1 Pack | F15: 100 | G15: Lembar | H15: 155.4 | I15: 155.4 | J15: 46185 | L15: 1 | O15: 1 | AB15: 1442301 | AC15: CTK | AD15: BARANG CETAKAN | AE15: Sudah ada (cocok sistem)
A16: IDSS-001 | B16: Kartu Spesimen | C16: 1 | D16: Pack | E16: 1 Pack | F16: 100 | G16: Lembar | H16: 155.4 | I16: 155.4 | K16: 46192 | N16: 1 | Q16: Cikini | R16: Hermanto | S16: 46192 | T16: Ikbal | U16: 46192 | W16: 095/BAST/ASET/LOG/2026 | AB16: 1442301 | AC16: CTK | AD16: BARANG CETAKAN | AE16: Sudah ada (cocok sistem)
A17: IDSS-001 | B17: Kartu Spesimen | C17: 1 | D17: Pack | E17: 1 Pack | F17: 100 | G17: Lembar | H17: 155.4 | I17: 155.4 | J17: 46212 | M17: 45 | P17: 076/SPS/LOG/2026 | AB17: 1442301 | AC17: CTK | AD17: BARANG CETAKAN | AE17: Sudah ada (cocok sistem)
A18: IDSS-002 | B18: Surat Kuasa | C18: 32 | D18: Pack | E18: 1 Pack | F18: 100 | G18: Lembar | H18: 222 | I18: 222 | J18: 46185 | L18: 32 | O18: 32 | AB18: 1442301 | AC18: CTK | AD18: BARANG CETAKAN | AE18: Sudah ada (cocok sistem)
A19: IDSS-002 | B19: Surat Kuasa | C19: 32 | D19: Pack | E19: 1 Pack | F19: 100 | G19: Lembar | H19: 222 | I19: 222 | K19: 46192 | N19: 1 | O19: 31 | Q19: Cikini | R19: Hermanto | S19: 46192 | T19: Ikbal | U19: 46192 | W19: 095/BAST/ASET/LOG/2026 | AB19: 1442301 | AC19: CTK | AD19: BARANG CETAKAN | AE19: Sudah ada (cocok sistem)
A20: IDSS-003 | B20: Overlay Tabungan | C20: 76 | D20: Pack | E20: 1 Pack | F20: 250 | G20: Lembar | J20: 46185 | L20: 76 | O20: 76 | AB20: 1442301 | AC20: CTK | AD20: BARANG CETAKAN | AE20: Sudah ada (cocok sistem)
A21: IDSS-003 | B21: Overlay Tabungan | C21: 76 | D21: Pack | E21: 1 Pack | F21: 250 | G21: Lembar | K21: 46188 | N21: 2 | O21: 74 | P21: 113/FPP/LOG/2026 | Q21: Ciledug | R21: Ferry Wijaya | S21: 46191 | T21: Ikbal | U21: 46191 | AB21: 1442301 | AC21: CTK | AD21: BARANG CETAKAN | AE21: Sudah ada (cocok sistem)
A22: IDSS-003 | B22: Overlay Tabungan | C22: 76 | D22: Pack | E22: 1 Pack | F22: 250 | G22: Lembar | K22: 46192 | N22: 4 | O22: 70 | P22: 136/FPP/LOG/2026 | Q22: Cikarang Selatan | R22: Harisa Utami | S22: 46192 | T22: Ikbal | U22: 46192 | AB22: 1442301 | AC22: CTK | AD22: BARANG CETAKAN | AE22: Sudah ada (cocok sistem)
A23: IDSS-003 | B23: Overlay Tabungan | C23: 76 | D23: Pack | E23: 1 Pack | F23: 250 | G23: Lembar | K23: 46192 | N23: 2 | O23: 68 | Q23: Cikini | R23: Hermanto | S23: 46192 | T23: Ikbal | U23: 46192 | W23: 095/BAST/ASET/LOG/2026 | AB23: 1442301 | AC23: CTK | AD23: BARANG CETAKAN | AE23: Sudah ada (cocok sistem)
A24: IDSS-003 | B24: Overlay Tabungan | C24: 76 | D24: Pack | E24: 1 Pack | F24: 250 | G24: Lembar | K24: 46180 | N24: 3 | O24: 65 | P24: 160/FPP/LOG/2026 | Q24: Palembang | R24: Ricki Aprianto | S24: 46209 | T24: Ikbal | U24: 46212 | V24: 00081/FPKB/LOG/2026 | W24: 114/BAST-ASET/LOG/2026 | AB24: 1442301 | AC24: CTK | AD24: BARANG CETAKAN | AE24: Sudah ada (cocok sistem)
A25: IDSS-003 | B25: Overlay Tabungan | C25: 76 | D25: Pack | E25: 1 Pack | F25: 250 | G25: Lembar | K25: 46191 | N25: 1 | O25: 64 | P25: 129/FPP/LOG/2026 | Q25: ULS Rivai Palembang | R25: Tri Adi Nanda | S25: 46191 | T25: Ikbal | U25: 46199 | AB25: 1442301 | AC25: CTK | AD25: BARANG CETAKAN | AE25: Sudah ada (cocok sistem)
A26: IDSS-004 | B26: Spectroline Tabungan | C26: 73 | D26: Pack | E26: 1 Pack | F26: 200 | G26: Lembar | J26: 46185 | L26: 73 | O26: 73 | AB26: 1442301 | AC26: CTK | AD26: BARANG CETAKAN | AE26: Sudah ada (cocok sistem)
A27: IDSS-004 | B27: Spectroline Tabungan | C27: 73 | D27: Pack | E27: 1 Pack | F27: 200 | G27: Lembar | K27: 46188 | N27: 10 | O27: 63 | P27: 113/FPP/LOG/2026 | Q27: Ciledug | R27: Ferry Wijaya | S27: 46191 | T27: Ikbal | U27: 46191 | AB27: 1442301 | AC27: CTK | AD27: BARANG CETAKAN | AE27: Sudah ada (cocok sistem)
A28: IDSS-004 | B28: Spectroline Tabungan | C28: 73 | D28: Pack | E28: 1 Pack | F28: 200 | G28: Lembar | K28: 46192 | N28: 3 | O28: 60 | P28: 136/FPP/LOG/2026 | Q28: Cikarang Selatan | R28: Harisa Utami | S28: 46192 | T28: Ikbal | U28: 46192 | AB28: 1442301 | AC28: CTK | AD28: BARANG CETAKAN | AE28: Sudah ada (cocok sistem)
A29: IDSS-004 | B29: Spectroline Tabungan | C29: 73 | D29: Pack | E29: 1 Pack | F29: 200 | G29: Lembar | K29: 46192 | N29: 2 | O29: 58 | Q29: Cikini | R29: Hermanto | S29: 46192 | T29: Ikbal | U29: 46192 | W29: 095/BAST/ASET/LOG/2026 | AB29: 1442301 | AC29: CTK | AD29: BARANG CETAKAN | AE29: Sudah ada (cocok sistem)
A30: IDSS-004 | B30: Spectroline Tabungan | C30: 73 | D30: Pack | E30: 1 Pack | F30: 200 | G30: Lembar | K30: 46192 | N30: 1 | O30: 57 | P30: 129/FPP/LOG/2026 | Q30: ULS Rivai Palembang | R30: Tri Adi Nanda | S30: 46191 | T30: Ikbal | U30: 46199 | AB30: 1442301 | AC30: CTK | AD30: BARANG CETAKAN | AE30: Sudah ada (cocok sistem)
A31: IDSS-004 | B31: Spectroline Tabungan | C31: 73 | D31: Pack | E31: 1 Pack | F31: 200 | G31: Lembar | K31: 46203 | N31: 6 | O31: 51 | P31: 161/FPP/LOG/2026 | Q31: KC Solo | R31: Nadia | S31: 46205 | T31: Ikbal | V31: 00082/FPKB/LOG/2026 | W31: 110/BAST-ASET/LOG/2026 | Z31: MCT2606008111425 | AA31: Pembebanan | AB31: 1442301 | AC31: CTK | AD31: BARANG CETAKAN | AE31: Sudah ada (cocok sistem)
A32: IDSS-004 | B32: Spectroline Tabungan | C32: 73 | D32: Pack | E32: 1 Pack | F32: 200 | G32: Lembar | K32: 46203 | N32: 5 | O32: 46 | P32: 160/FPP/LOG/2026 | Q32: Palembang | R32: Ricki Aprianto | S32: 46209 | T32: Ikbal | U32: 46212 | V32: 00081/FPKB/LOG/2026 | W32: 114/BAST-ASET/LOG/2026 | AB32: 1442301 | AC32: CTK | AD32: BARANG CETAKAN | AE32: Sudah ada (cocok sistem)
A33: IDSS-010 | B33: Nota Debet Syariah | C33: 4 | D33: Box | E33: 1 Box | F33: 1000 | G33: Lembar | H33: 482.85 | I33: 482850 | J33: 46185 | L33: 4 | O33: 4 | AB33: 1442301 | AC33: CTK | AD33: BARANG CETAKAN | AE33: Sudah ada (cocok sistem)
A34: IDSS-010 | B34: Nota Debet Syariah | C34: 4 | D34: Box | E34: 1 Box | F34: 1000 | G34: Lembar | H34: 482.85 | I34: 482850 | K34: 46192 | N34: 1 | O34: 3 | Q34: Cikini | R34: Hermanto | S34: 46192 | T34: Ikbal | U34: 46192 | W34: 095/BAST/ASET/LOG/2026 | AB34: 1442301 | AC34: CTK | AD34: BARANG CETAKAN | AE34: Sudah ada (cocok sistem)
A35: IDSS-010 | B35: Nota Debet Syariah | C35: 4 | D35: Box | E35: 1 Box | F35: 1000 | G35: Lembar | H35: 482.85 | I35: 482850 | K35: 46203 | N35: 1 | O35: 2 | P35: 161/FPP/LOG/2026 | Q35: KC Solo | R35: Nadia | S35: 46205 | T35: Ikbal | V35: 00082/FPKB/LOG/2026 | W35: 110/BAST-ASET/LOG/2026 | Z35: MCT2606008111425 | AA35: Pembebanan | AB35: 1442301 | AC35: CTK | AD35: BARANG CETAKAN | AE35: Sudah ada (cocok sistem)
A36: IDSS-103 | B36: Perubahan Deposito | C36: 30 | D36: Pack | E36: 1 Pack | F36: 100 | G36: Lembar | H36: 222 | I36: 222 | J36: 46185 | L36: 30 | O36: 30 | AB36: 1442301 | AC36: CTK | AD36: BARANG CETAKAN | AE36: Sudah ada (cocok sistem)
A37: IDSS-103 | B37: Perubahan Deposito | C37: 30 | D37: Pack | E37: 1 Pack | F37: 100 | G37: Lembar | H37: 222 | I37: 222 | K37: 46192 | N37: 1 | O37: 29 | Q37: Cikini | R37: Hermanto | S37: 46192 | T37: Ikbal | U37: 46192 | W37: 095/BAST/ASET/LOG/2026 | AB37: 1442301 | AC37: CTK | AD37: BARANG CETAKAN | AE37: Sudah ada (cocok sistem)
A38: IDSS-103 | B38: Perubahan Deposito | C38: 30 | D38: Pack | E38: 1 Pack | F38: 100 | G38: Lembar | H38: 222 | I38: 222 | K38: 46191 | N38: 1 | O38: 28 | P38: 108/FPP/LOG/2026 | Q38: KC Semarang | R38: Bernadhita | S38: 46191 | T38: Ikbal | U38: 46193 | V38: 00055/FPKB/LOG/2026 | W38: 100/BAST-ASET/LOG/2026 | AB38: 1442301 | AC38: CTK | AD38: BARANG CETAKAN | AE38: Sudah ada (cocok sistem)
A39: IDSS-104 | B39: Plastik Deposito | C39: 99 | D39: Pcs | E39: 1 Pcs | F39: 100 | G39: Lembar | H39: 1387.5 | I39: 1387.5 | J39: 46185 | L39: 99 | O39: 99 | AB39: 1442301 | AC39: CTK | AD39: BARANG CETAKAN | AE39: Sudah ada (cocok sistem)
A40: IDSS-104 | B40: Plastik Deposito | C40: 99 | D40: Pcs | E40: 1 Pcs | F40: 100 | G40: Lembar | H40: 1387.5 | I40: 1387.5 | K40: 46192 | N40: 1 | O40: 98 | Q40: Cikini | R40: Hermanto | S40: 46192 | T40: Ikbal | U40: 46192 | W40: 095/BAST/ASET/LOG/2026 | AB40: 1442301 | AC40: CTK | AD40: BARANG CETAKAN | AE40: Sudah ada (cocok sistem)
A41: IDSS-105 | B41: Form Data Nasabah BDN Usaha | C41: 1 | D41: Pack | E41: 1 Pack | F41: 100 | G41: Lembar | H41: 1249.86 | I41: 1249.86 | J41: 46185 | L41: 1 | O41: 1 | AB41: 1442301 | AC41: CTK | AD41: BARANG CETAKAN | AE41: Sudah ada (cocok sistem)
A42: IDSS-105 | B42: Form Data Nasabah BDN Usaha | C42: 1 | D42: Pack | E42: 1 Pack | F42: 100 | G42: Lembar | H42: 1249.86 | I42: 1249.86 | K42: 46192 | N42: 1 | Q42: Cikini | R42: Hermanto | S42: 46192 | T42: Ikbal | U42: 46192 | W42: 095/BAST/ASET/LOG/2026 | AB42: 1442301 | AC42: CTK | AD42: BARANG CETAKAN | AE42: Sudah ada (cocok sistem)
A43: IDSS-106 | B43: Form Permohonan Penutupan Rek | C43: 42 | D43: Pack | E43: 1 Pack | F43: 100 | G43: Lembar | H43: 112.11 | I43: 112.11 | J43: 46185 | L43: 42 | O43: 42 | AB43: 1442301 | AC43: CTK | AD43: BARANG CETAKAN | AE43: Sudah ada (cocok sistem)
A44: IDSS-106 | B44: Form Permohonan Penutupan Rek | C44: 42 | D44: Pack | E44: 1 Pack | F44: 100 | G44: Lembar | H44: 112.11 | I44: 112.11 | K44: 46192 | N44: 1 | O44: 41 | Q44: Cikini | R44: Hermanto | S44: 46192 | T44: Ikbal | U44: 46192 | W44: 095/BAST/ASET/LOG/2026 | AB44: 1442301 | AC44: CTK | AD44: BARANG CETAKAN | AE44: Sudah ada (cocok sistem)
A45: IDSS-106 | B45: Form Permohonan Penutupan Rek | C45: 42 | D45: Pack | E45: 1 Pack | F45: 100 | G45: Lembar | H45: 112.11 | I45: 112.11 | K45: 46191 | N45: 2 | O45: 39 | P45: 108/FPP/LOG/2026 | Q45: KC Semarang | R45: Bernadhita | S45: 46191 | T45: Ikbal | U45: 46193 | V45: 00055/FPKB/LOG/2026 | W45: 100/BAST-ASET/LOG/2026 | AB45: 1442301 | AC45: CTK | AD45: BARANG CETAKAN | AE45: Sudah ada (cocok sistem)
A46: IDSS-112 | B46: Slip Transfer Otomatis | C46: 8 | D46: Pack | E46: 1 Pack | F46: 100 | G46: Lembar | H46: 438.45 | I46: 438.45 | J46: 46185 | L46: 8 | O46: 8 | AB46: 1442301 | AC46: CTK | AD46: BARANG CETAKAN | AE46: Sudah ada (cocok sistem)
A47: IDSS-112 | B47: Slip Transfer Otomatis | C47: 8 | D47: Pack | E47: 1 Pack | F47: 100 | G47: Lembar | H47: 438.45 | I47: 438.45 | K47: 46192 | N47: 1 | O47: 7 | Q47: Cikini | R47: Hermanto | S47: 46192 | T47: Ikbal | U47: 46192 | W47: 095/BAST/ASET/LOG/2026 | AB47: 1442301 | AC47: CTK | AD47: BARANG CETAKAN | AE47: Sudah ada (cocok sistem)
A48: IDSS-113 | B48: Slip Penarikan | C48: 107 | D48: Pack | E48: 1 Pack | F48: 250 | G48: Lembar | H48: 72.15 | I48: 72.15 | J48: 46185 | L48: 107 | O48: 107 | AB48: 1442301 | AC48: CTK | AD48: BARANG CETAKAN | AE48: Sudah ada (cocok sistem)
A49: IDSS-113 | B49: Slip Penarikan | C49: 107 | D49: Pack | E49: 1 Pack | F49: 250 | G49: Lembar | H49: 72.15 | I49: 72.15 | K49: 46188 | N49: 3 | O49: 104 | P49: 115/FPP/LOG/2026 | Q49: KC Yogyakarta | R49: Randy | S49: 46190 | T49: Ikbal | U49: 46192 | AB49: 1442301 | AC49: CTK | AD49: BARANG CETAKAN | AE49: Sudah ada (cocok sistem)
A50: IDSS-113 | B50: Slip Penarikan | C50: 107 | D50: Pack | E50: 1 Pack | F50: 250 | G50: Lembar | H50: 72.15 | I50: 72.15 | K50: 46192 | N50: 2 | O50: 102 | Q50: Cikini | R50: Hermanto | S50: 46192 | T50: Ikbal | U50: 46192 | W50: 095/BAST/ASET/LOG/2026 | AB50: 1442301 | AC50: CTK | AD50: BARANG CETAKAN | AE50: Sudah ada (cocok sistem)
A51: IDSS-113 | B51: Slip Penarikan | C51: 107 | D51: Pack | E51: 1 Pack | F51: 250 | G51: Lembar | H51: 72.15 | I51: 72.15 | K51: 46203 | N51: 5 | O51: 97 | P51: 161/FPP/LOG/2026 | Q51: KC Solo | R51: Nadia | S51: 46205 | T51: Ikbal | V51: 00082/FPKB/LOG/2026 | W51: 110/BAST-ASET/LOG/2026 | Z51: MCT2606008111425 | AA51: Pembebanan | AB51: 1442301 | AC51: CTK | AD51: BARANG CETAKAN | AE51: Sudah ada (cocok sistem)
A52: IDSS-113 | B52: Slip Penarikan | C52: 107 | D52: Pack | E52: 1 Pack | F52: 250 | G52: Lembar | H52: 72.15 | I52: 72.15 | J52: 46212 | M52: 280 | O52: 377 | P52: 074/SPS/LOG/2026 | AB52: 1442301 | AC52: CTK | AD52: BARANG CETAKAN | AE52: Sudah ada (cocok sistem)
A53: IDSS-119 | B53: Bukti Setoran Syariah | C53: 173 | D53: Pack | E53: 1 Pack | F53: 250 | G53: Set | H53: 117.6 | I53: 117.6 | J53: 46185 | L53: 173 | O53: 173 | AB53: 1442301 | AC53: CTK | AD53: BARANG CETAKAN | AE53: Sudah ada (cocok sistem)
A54: IDSS-119 | B54: Bukti Setoran Syariah | C54: 173 | D54: Pack | E54: 1 Pack | F54: 250 | G54: Set | H54: 117.6 | I54: 117.6 | K54: 46188 | N54: 2 | O54: 171 | P54: 116/FPP/LOG/2026 | Q54: ULS Kemang Mansion | R54: Lia | S54: 46190 | T54: Ikbal | U54: 46190 | AB54: 1442301 | AC54: CTK | AD54: BARANG CETAKAN | AE54: Sudah ada (cocok sistem)
A55: IDSS-119 | B55: Bukti Setoran Syariah | C55: 173 | D55: Pack | E55: 1 Pack | F55: 250 | G55: Set | H55: 117.6 | I55: 117.6 | K55: 46191 | N55: 4 | O55: 167 | P55: 105/FPP/LOG/2026 | Q55: KCP Pasuruan | R55: Ivan | S55: 46191 | T55: Ikbal | U55: 46195 | AB55: 1442301 | AC55: CTK | AD55: BARANG CETAKAN | AE55: Sudah ada (cocok sistem)
A56: IDSS-119 | B56: Bukti Setoran Syariah | C56: 173 | D56: Pack | E56: 1 Pack | F56: 250 | G56: Set | H56: 117.6 | I56: 117.6 | K56: 46191 | N56: 5 | O56: 162 | P56: 107/FPP/LOG/2026 | Q56: ULS Pandaan | R56: M Fitra | S56: 46191 | T56: Ikbal | U56: 46196 | AB56: 1442301 | AC56: CTK | AD56: BARANG CETAKAN | AE56: Sudah ada (cocok sistem)
A57: IDSS-119 | B57: Bukti Setoran Syariah | C57: 173 | D57: Pack | E57: 1 Pack | F57: 250 | G57: Set | H57: 117.6 | I57: 117.6 | K57: 46191 | N57: 2 | O57: 160 | P57: 129/FPP/LOG/2026 | Q57: ULS Rivai Palembang | R57: Tri Adi Nanda | S57: 46191 | T57: Ikbal | U57: 46199 | AB57: 1442301 | AC57: CTK | AD57: BARANG CETAKAN | AE57: Sudah ada (cocok sistem)
A58: IDSS-119 | B58: Bukti Setoran Syariah | C58: 173 | D58: Pack | E58: 1 Pack | F58: 250 | G58: Set | H58: 117.6 | I58: 117.6 | K58: 46192 | N58: 2 | O58: 158 | P58: 136/FPP/LOG/2026 | Q58: Cikarang Selatan | R58: Harisa Utami | S58: 46192 | T58: Ikbal | U58: 46192 | AB58: 1442301 | AC58: CTK | AD58: BARANG CETAKAN | AE58: Sudah ada (cocok sistem)
A59: IDSS-119 | B59: Bukti Setoran Syariah | C59: 173 | D59: Pack | E59: 1 Pack | F59: 250 | G59: Set | H59: 117.6 | I59: 117.6 | K59: 46192 | N59: 4 | O59: 154 | Q59: Cikini | R59: Hermanto | S59: 46192 | T59: Ikbal | U59: 46192 | W59: 095/BAST/ASET/LOG/2026 | AB59: 1442301 | AC59: CTK | AD59: BARANG CETAKAN | AE59: Sudah ada (cocok sistem)
A60: IDSS-119 | B60: Bukti Setoran Syariah | C60: 173 | D60: Pack | E60: 1 Pack | F60: 250 | G60: Set | H60: 117.6 | I60: 117.6 | K60: 46209 | N60: 10 | O60: 144 | P60: 154/FPP/LOG/2026 | Q60: Panakukang | R60: Dwi Bagus Hastomo | S60: 46209 | T60: Ikbal | U60: 46212 | V60: 00078/FPKB/LOG/2026 | W60: 111/BAST-ASET/LOG/2026 | AB60: 1442301 | AC60: CTK | AD60: BARANG CETAKAN | AE60: Sudah ada (cocok sistem)
A61: IDSS-119 | B61: Bukti Setoran Syariah | C61: 173 | D61: Pack | E61: 1 Pack | F61: 250 | G61: Set | H61: 117.6 | I61: 117.6 | K61: 46205 | N61: 2 | O61: 142 | P61: 160/FPP/LOG/2026 | Q61: Palembang | R61: Ricki Aprianto | S61: 46209 | T61: Ikbal | U61: 46212 | V61: 00081/FPKB/LOG/2026 | W61: 114/BAST-ASET/LOG/2026 | X61: 419501 412001 | Y61: 419750 412250 | AB61: 1442301 | AC61: CTK | AD61: BARANG CETAKAN | AE61: Sudah ada (cocok sistem)
A62: IDSS-119 | B62: Bukti Setoran Syariah | C62: 173 | D62: Pack | E62: 1 Pack | F62: 250 | G62: Set | H62: 117.6 | I62: 117.6 | K62: 46217 | N62: 7 | O62: 135 | P62: 175/FPP/LOG/2026 | Q62: KC Solo | R62: Nadia | S62: 46217 | T62: Ikbal | V62: 00096/FPKB/LOG/2026 | W62: 119/BAST-ASET/LOG/2026 | AB62: 1442301 | AC62: CTK | AD62: BARANG CETAKAN | AE62: Sudah ada (cocok sistem)
A63: IDSS-127 | B63: Syarat dan Ketentuan Mabrur | C63: 1 | D63: Pack | E63: 1 Pack | F63: 100 | G63: Lembar | H63: 189.99 | I63: 189.99 | J63: 46185 | L63: 1 | O63: 1 | AB63: 1442301 | AC63: CTK | AD63: BARANG CETAKAN | AE63: Sudah ada (cocok sistem)
A64: IDSS-127 | B64: Syarat dan Ketentuan Mabrur | C64: 1 | D64: Pack | E64: 1 Pack | F64: 100 | G64: Lembar | H64: 189.99 | I64: 189.99 | K64: 46192 | N64: 1 | Q64: Cikini | R64: Hermanto | S64: 46192 | T64: Ikbal | U64: 46192 | W64: 095/BAST/ASET/LOG/2026 | AB64: 1442301 | AC64: CTK | AD64: BARANG CETAKAN | AE64: Sudah ada (cocok sistem)
A65: IDSS-127 | B65: Syarat dan Ketentuan Mabrur | C65: 1 | D65: Pack | E65: 1 Pack | F65: 100 | G65: Lembar | H65: 189.99 | I65: 189.99 | J65: 46210 | M65: 30 | O65: 30 | P65: 016/SPS/LOG/2026 | Q65: Logisitik | R65: Yuni | AB65: 1442301 | AC65: CTK | AD65: BARANG CETAKAN | AE65: Sudah ada (cocok sistem)
A66: IDSS-128 | B66: Ketentuan-Ketentuan ATM | C66: 327 | D66: Pack | E66: 1 Pack | F66: 100 | G66: Set | H66: 810.3 | I66: 810.3 | J66: 46185 | L66: 327 | O66: 327 | AB66: 1442301 | AC66: CTK | AD66: BARANG CETAKAN | AE66: Sudah ada (cocok sistem)
A67: IDSS-128 | B67: Ketentuan-Ketentuan ATM | C67: 327 | D67: Pack | E67: 1 Pack | F67: 100 | G67: Set | H67: 810.3 | I67: 810.3 | K67: 46188 | N67: 2 | O67: 325 | P67: 111/FPP/LOG/2026 | Q67: ULS Melawai | R67: Zaki | S67: 46190 | T67: Ikbal | U67: 46190 | AB67: 1442301 | AC67: CTK | AD67: BARANG CETAKAN | AE67: Sudah ada (cocok sistem)
A68: IDSS-128 | B68: Ketentuan-Ketentuan ATM | C68: 327 | D68: Pack | E68: 1 Pack | F68: 100 | G68: Set | H68: 810.3 | I68: 810.3 | K68: 46188 | N68: 1 | O68: 324 | P68: 116/FPP/LOG/2026 | Q68: ULS Kemang Mansion | R68: Lia | S68: 46190 | T68: Ikbal | U68: 46190 | AB68: 1442301 | AC68: CTK | AD68: BARANG CETAKAN | AE68: Sudah ada (cocok sistem)
A69: IDSS-128 | B69: Ketentuan-Ketentuan ATM | C69: 327 | D69: Pack | E69: 1 Pack | F69: 100 | G69: Set | H69: 810.3 | I69: 810.3 | K69: 46188 | N69: 1 | O69: 323 | P69: 115/FPP/LOG/2026 | Q69: KC Yogyakarta | R69: Randy | S69: 46190 | T69: Ikbal | U69: 46192 | AB69: 1442301 | AC69: CTK | AD69: BARANG CETAKAN | AE69: Sudah ada (cocok sistem)
A70: IDSS-128 | B70: Ketentuan-Ketentuan ATM | C70: 327 | D70: Pack | E70: 1 Pack | F70: 100 | G70: Set | H70: 810.3 | I70: 810.3 | K70: 46191 | N70: 5 | O70: 318 | P70: 108/FPP/LOG/2026 | Q70: KC Semarang | R70: Bernadhita | S70: 46191 | T70: Ikbal | U70: 46193 | V70: 00055/FPKB/LOG/2026 | W70: 100/BAST-ASET/LOG/2026 | AB70: 1442301 | AC70: CTK | AD70: BARANG CETAKAN | AE70: Sudah ada (cocok sistem)
A71: IDSS-128 | B71: Ketentuan-Ketentuan ATM | C71: 327 | D71: Pack | E71: 1 Pack | F71: 100 | G71: Set | H71: 810.3 | I71: 810.3 | K71: 46191 | N71: 2 | O71: 316 | P71: 135/FPP/LOG/2026 | Q71: Kenari | R71: Elga Amanda | S71: 46191 | T71: Ikbal | U71: 46191 | AB71: 1442301 | AC71: CTK | AD71: BARANG CETAKAN | AE71: Sudah ada (cocok sistem)
A72: IDSS-128 | B72: Ketentuan-Ketentuan ATM | C72: 327 | D72: Pack | E72: 1 Pack | F72: 100 | G72: Set | H72: 810.3 | I72: 810.3 | K72: 46188 | N72: 10 | O72: 306 | P72: 113/FPP/LOG/2026 | Q72: Ciledug | R72: Ferry Wijaya | S72: 46191 | T72: Ikbal | U72: 46191 | AB72: 1442301 | AC72: CTK | AD72: BARANG CETAKAN | AE72: Sudah ada (cocok sistem)
A73: IDSS-128 | B73: Ketentuan-Ketentuan ATM | C73: 327 | D73: Pack | E73: 1 Pack | F73: 100 | G73: Set | H73: 810.3 | I73: 810.3 | K73: 46191 | N73: 6 | O73: 300 | P73: 105/FPP/LOG/2026 | Q73: KCP Pasuruan | R73: Ivan | S73: 46191 | T73: Ikbal | U73: 46195 | AB73: 1442301 | AC73: CTK | AD73: BARANG CETAKAN | AE73: Sudah ada (cocok sistem)
A74: IDSS-128 | B74: Ketentuan-Ketentuan ATM | C74: 327 | D74: Pack | E74: 1 Pack | F74: 100 | G74: Set | H74: 810.3 | I74: 810.3 | K74: 46191 | N74: 3 | O74: 297 | P74: 107/FPP/LOG/2026 | Q74: ULS Pandaan | R74: M Fitra | S74: 46191 | T74: Ikbal | U74: 46196 | AB74: 1442301 | AC74: CTK | AD74: BARANG CETAKAN | AE74: Sudah ada (cocok sistem)
A75: IDSS-128 | B75: Ketentuan-Ketentuan ATM | C75: 327 | D75: Pack | E75: 1 Pack | F75: 100 | G75: Set | H75: 810.3 | I75: 810.3 | K75: 46192 | N75: 4 | O75: 293 | P75: 136/FPP/LOG/2026 | Q75: Cikarang Selatan | R75: Harisa Utami | S75: 46192 | T75: Ikbal | U75: 46192 | AB75: 1442301 | AC75: CTK | AD75: BARANG CETAKAN | AE75: Sudah ada (cocok sistem)
A76: IDSS-128 | B76: Ketentuan-Ketentuan ATM | C76: 327 | D76: Pack | E76: 1 Pack | F76: 100 | G76: Set | H76: 810.3 | I76: 810.3 | K76: 46192 | N76: 3 | O76: 290 | Q76: Cikini | R76: Hermanto | S76: 46192 | T76: Ikbal | U76: 46192 | W76: 095/BAST/ASET/LOG/2026 | AB76: 1442301 | AC76: CTK | AD76: BARANG CETAKAN | AE76: Sudah ada (cocok sistem)
A77: IDSS-128 | B77: Ketentuan-Ketentuan ATM | C77: 327 | D77: Pack | E77: 1 Pack | F77: 100 | G77: Set | H77: 810.3 | I77: 810.3 | K77: 46192 | N77: 3 | O77: 287 | P77: 129/FPP/LOG/2026 | Q77: ULS Rivai Palembang | R77: Tri Adi Nanda | S77: 46191 | T77: Ikbal | U77: 46199 | AB77: 1442301 | AC77: CTK | AD77: BARANG CETAKAN | AE77: Sudah ada (cocok sistem)
A78: IDSS-128 | B78: Ketentuan-Ketentuan ATM | C78: 327 | D78: Pack | E78: 1 Pack | F78: 100 | G78: Set | H78: 812.52 | I78: 81252 | K78: 46203 | N78: 2 | P78: 161/FPP/LOG/2026 | Q78: KC Solo | R78: Nadia | S78: 46205 | T78: Ikbal | U78: 46206 | V78: 00082/FPKB/LOG/2026 | W78: 110/BAST-ASET/LOG/2026 | Z78: MCT2606008111425 | AA78: Pembebanan | AB78: 1442301 | AC78: CTK | AD78: BARANG CETAKAN | AE78: Sudah ada (cocok sistem)
A79: IDSS-128 | B79: Ketentuan-Ketentuan ATM | C79: 327 | D79: Pack | E79: 1 Pack | F79: 100 | G79: Set | H79: 810.3 | I79: 81030 | K79: 46203 | N79: 6 | O79: 281 | P79: 161/FPP/LOG/2026 | Q79: KC Solo | R79: Nadia | S79: 46205 | T79: Ikbal | U79: 46206 | V79: 00082/FPKB/LOG/2026 | W79: 110/BAST-ASET/LOG/2026 | Z79: MCT2606008111425 | AA79: Pembebanan | AB79: 1442301 | AC79: CTK | AD79: BARANG CETAKAN | AE79: Sudah ada (cocok sistem)
A80: IDSS-128 | B80: Ketentuan-Ketentuan ATM | C80: 327 | D80: Pack | E80: 1 Pack | F80: 100 | G80: Set | H80: 810.3 | I80: 810.3 | K80: 46209 | N80: 15 | O80: 266 | P80: 154/FPP/LOG/2026 | Q80: Panakukang | R80: Dwi Bagus Hastomo | S80: 46209 | T80: Ikbal | U80: 46212 | V80: 00078/FPKB/LOG/2026 | W80: 111/BAST-ASET/LOG/2026 | AB80: 1442301 | AC80: CTK | AD80: BARANG CETAKAN | AE80: Sudah ada (cocok sistem)
A81: IDSS-128 | B81: Ketentuan-Ketentuan ATM | C81: 327 | D81: Pack | E81: 1 Pack | F81: 100 | G81: Set | H81: 810.3 | I81: 810.3 | K81: 46209 | N81: 10 | O81: 256 | P81: 160/FPP/LOG/2026 | Q81: Palembang | R81: Ricki Aprianto | S81: 46209 | T81: Ikbal | U81: 46212 | V81: 00081/FPKB/LOG/2026 | W81: 114/BAST-ASET/LOG/2026 | AB81: 1442301 | AC81: CTK | AD81: BARANG CETAKAN | AE81: Sudah ada (cocok sistem)
A82: IDSS-128 | B82: Ketentuan-Ketentuan ATM | C82: 327 | D82: Pack | E82: 1 Pack | F82: 100 | G82: Set | H82: 810.3 | I82: 810.3 | K82: 46213 | N82: 9 | O82: 247 | P82: 167/FPP/LOG/2026 | Q82: KC Jatinegara | R82: Eriza | S82: 46213 | T82: Ikbal | U82: 46213 | V82: 00087/FPKB/LOG/2026 | W82: 116/BAST-ASET/LOG/2026 | AB82: 1442301 | AC82: CTK | AD82: BARANG CETAKAN | AE82: Sudah ada (cocok sistem)
A83: IDSS-128 | B83: Ketentuan-Ketentuan ATM | C83: 327 | D83: Pack | E83: 1 Pack | F83: 100 | G83: Set | H83: 810.3 | I83: 810.3 | K83: 46217 | N83: 4 | O83: 243 | Q83: KC Solo | R83: Nadia | AB83: 1442301 | AC83: CTK | AD83: BARANG CETAKAN | AE83: Sudah ada (cocok sistem)
A84: IDSS-131 | B84: Syarat dan Ketentuan Layanan Perbankan | C84: 135 | D84: Pack | E84: 1 Pack | F84: 100 | G84: Lembar | H84: 194.25 | I84: 194.25 | J84: 46185 | L84: 135 | O84: 135 | AB84: 1442301 | AC84: CTK | AD84: BARANG CETAKAN | AE84: Sudah ada (cocok sistem)
A85: IDSS-131 | B85: Syarat dan Ketentuan Layanan Perbankan | C85: 135 | D85: Pack | E85: 1 Pack | F85: 100 | G85: Lembar | H85: 194.25 | I85: 194.25 | K85: 46192 | N85: 3 | O85: 132 | Q85: Cikini | R85: Hermanto | S85: 46192 | T85: Ikbal | U85: 46192 | W85: 095/BAST/ASET/LOG/2026 | AB85: 1442301 | AC85: CTK | AD85: BARANG CETAKAN | AE85: Sudah ada (cocok sistem)
A86: IDSS-135 | B86: Slip Pemindahan Dana Antar Rekening | C86: 109 | D86: Pack | E86: 1 Pack | F86: 100 | G86: Lembar | H86: 172.05 | I86: 172.05 | J86: 46185 | L86: 109 | O86: 109 | AB86: 1442301 | AC86: CTK | AD86: BARANG CETAKAN | AE86: Sudah ada (cocok sistem)
A87: IDSS-135 | B87: Slip Pemindahan Dana Antar Rekening | C87: 109 | D87: Pack | E87: 1 Pack | F87: 100 | G87: Lembar | H87: 172.05 | I87: 172.05 | K87: 46188 | N87: 3 | O87: 106 | P87: 115/FPP/LOG/2026 | Q87: KC Yogyakarta | R87: Randy | S87: 46190 | T87: Ikbal | U87: 46192 | AB87: 1442301 | AC87: CTK | AD87: BARANG CETAKAN | AE87: Sudah ada (cocok sistem)
A88: IDSS-135 | B88: Slip Pemindahan Dana Antar Rekening | C88: 109 | D88: Pack | E88: 1 Pack | F88: 100 | G88: Lembar | H88: 172.05 | I88: 172.05 | K88: 46192 | N88: 5 | O88: 101 | Q88: Cikini | R88: Hermanto | S88: 46192 | T88: Ikbal | U88: 46192 | W88: 095/BAST/ASET/LOG/2026 | AB88: 1442301 | AC88: CTK | AD88: BARANG CETAKAN | AE88: Sudah ada (cocok sistem)
A89: IDSS-146 | B89: Form Pembukaan Rek Badan Usaha | C89: 64 | D89: Pack | E89: 1 Pack | F89: 100 | G89: Lembar | H89: 222 | I89: 222 | J89: 46185 | L89: 64 | O89: 64 | AB89: 1442301 | AC89: CTK | AD89: BARANG CETAKAN | AE89: Sudah ada (cocok sistem)
A90: IDSS-146 | B90: Form Pembukaan Rek Badan Usaha | C90: 64 | D90: Pack | E90: 1 Pack | F90: 100 | G90: Lembar | H90: 222 | I90: 222 | K90: 46188 | N90: 2 | O90: 62 | P90: 108/FPP/LOG/2026 | Q90: KC Semarang | R90: Bernadhita | S90: 46191 | T90: Ikbal | U90: 46193 | V90: 00055/FPKB/LOG/2026 | W90: 100/BAST-ASET/LOG/2026 | AB90: 1442301 | AC90: CTK | AD90: BARANG CETAKAN | AE90: Sudah ada (cocok sistem)
A91: IDSS-146 | B91: Form Pembukaan Rek Badan Usaha | C91: 64 | D91: Pack | E91: 1 Pack | F91: 100 | G91: Lembar | H91: 222 | I91: 222 | K91: 46192 | N91: 2 | O91: 60 | P91: 136/FPP/LOG/2026 | Q91: Cikarang Selatan | R91: Harisa Utami | S91: 46192 | T91: Ikbal | U91: 46192 | AB91: 1442301 | AC91: CTK | AD91: BARANG CETAKAN | AE91: Sudah ada (cocok sistem)
A92: IDSS-146 | B92: Form Pembukaan Rek Badan Usaha | C92: 64 | D92: Pack | E92: 1 Pack | F92: 100 | G92: Lembar | H92: 222 | I92: 222 | K92: 46192 | N92: 1 | O92: 59 | Q92: Cikini | R92: Hermanto | S92: 46192 | T92: Ikbal | U92: 46192 | W92: 095/BAST/ASET/LOG/2026 | AB92: 1442301 | AC92: CTK | AD92: BARANG CETAKAN | AE92: Sudah ada (cocok sistem)
A93: IDSS-146 | B93: Form Pembukaan Rek Badan Usaha | C93: 64 | D93: Pack | E93: 1 Pack | F93: 100 | G93: Lembar | H93: 222 | I93: 222 | K93: 46191 | N93: 2 | O93: 57 | P93: 135/FPP/LOG/2026 | Q93: Kenari | R93: Elga Amanda | S93: 46191 | T93: Ikbal | U93: 46191 | AB93: 1442301 | AC93: CTK | AD93: BARANG CETAKAN | AE93: Sudah ada (cocok sistem)
A94: IDSS-146 | B94: Form Pembukaan Rek Badan Usaha | C94: 64 | D94: Pack | E94: 1 Pack | F94: 100 | G94: Lembar | H94: 222 | I94: 222 | K94: 46205 | N94: 1 | O94: 56 | P94: 160/FPP/LOG/2026 | Q94: Palembang | R94: Ricki Aprianto | S94: 46209 | T94: Ikbal | U94: 46212 | V94: 00081/FPKB/LOG/2026 | W94: 114/BAST-ASET/LOG/2026 | AB94: 1442301 | AC94: CTK | AD94: BARANG CETAKAN | AE94: Sudah ada (cocok sistem)
A95: IDSS-146 | B95: Form Pembukaan Rek Badan Usaha | C95: 64 | D95: Pack | E95: 1 Pack | F95: 100 | G95: Lembar | H95: 222 | I95: 222 | K95: 46213 | N95: 7 | O95: 49 | P95: 167/FPP/LOG/2026 | Q95: KC Jatinegara | R95: Eriza | S95: 46213 | T95: Ikbal | U95: 46213 | V95: 00087/FPKB/LOG/2026 | W95: 116/BAST-ASET/LOG/2026 | AB95: 1442301 | AC95: CTK | AD95: BARANG CETAKAN | AE95: Sudah ada (cocok sistem)
A96: IDSS-156 | B96: Buku Tahapan BCA Syariah | C96: 32 | D96: Pack | E96: 1 Pack | F96: 100 | G96: Pcs | H96: 2025.75 | I96: 2025.75 | J96: 46185 | L96: 32 | O96: 32 | AB96: 1442102 | AC96: TAB | AD96: BUKU TABUNGAN | AE96: Sudah ada (cocok sistem)
A97: IDSS-156 | B97: Buku Tahapan BCA Syariah | C97: 32 | D97: Pack | E97: 1 Pack | F97: 100 | G97: Pcs | H97: 2025.75 | I97: 2025.75 | K97: 46191 | N97: 1 | O97: 31 | P97: 107/FPP/LOG/2026 | Q97: ULS Pandaan | R97: M Fitra | S97: 46191 | T97: Ikbal | U97: 46196 | X97: 626801 | Y97: 626900 | AB97: 1442102 | AC97: TAB | AD97: BUKU TABUNGAN | AE97: Sudah ada (cocok sistem)
A98: IDSS-156 | B98: Buku Tahapan BCA Syariah | C98: 32 | D98: Pack | E98: 1 Pack | F98: 100 | G98: Pcs | H98: 2025.75 | I98: 2025.75 | K98: 46192 | N98: 2 | O98: 29 | P98: 136/FPP/LOG/2026 | Q98: Cikarang Selatan | R98: Harisa Utami | S98: 46192 | T98: Ikbal | U98: 46192 | X98: 627001 | Y98: 627200 | AB98: 1442102 | AC98: TAB | AD98: BUKU TABUNGAN | AE98: Sudah ada (cocok sistem)
A99: IDSS-156 | B99: Buku Tahapan BCA Syariah | C99: 32 | D99: Pack | E99: 1 Pack | F99: 100 | G99: Pcs | H99: 2025.75 | I99: 2025.75 | K99: 46192 | N99: 1 | O99: 28 | Q99: Cikini | R99: Hermanto | S99: 46192 | T99: Ikbal | U99: 46192 | W99: 095/BAST/ASET/LOG/2026 | X99: 626901 | Y99: 627000 | AB99: 1442102 | AC99: TAB | AD99: BUKU TABUNGAN | AE99: Sudah ada (cocok sistem)
A100: IDSS-156 | B100: Buku Tahapan BCA Syariah | C100: 32 | D100: Pack | E100: 1 Pack | F100: 100 | G100: Pcs | H100: 2025.75 | I100: 2025.75 | K100: 46203 | N100: 5 | O100: 23 | P100: 161/FPP/LOG/2026 | Q100: KC Solo | R100: Nadia | S100: 46205 | T100: Ikbal | U100: 46206 | V100: 00082/FPKB/LOG/2026 | W100: 110/BAST-ASET/LOG/2026 | X100: 627201 | Y100: 627700 | Z100: MCT2606008111425 | AA100: Pembebanan | AB100: 1442102 | AC100: TAB | AD100: BUKU TABUNGAN | AE100: Sudah ada (cocok sistem)
...

Sheet Harga_FIFO_Stok_Aktif
A1: Kategori | B1: GL | C1: Kode Barang | D1: Nama Barang | E1: Ada di Buku Besar | F1: Tingkat Harga ke- | G1: Jml Tingkat Aktif | H1: Qty Stock (satuan kecil) | I1: Harga Satuan (Rp) | J1: Nilai Stok (Rp)
A2: ATF | B2: 1442305 | C2: ATF-004 | D2: KARTU | E2: Ya | F2: 1 | G2: 1 | H2: 404 | I2: 23000 | J2: =H2*I2 -> 9292000
A3: ATF | B3: 1442305 | C3: ATF-008 | D3: KARTU | E3: Ya | F3: 1 | G3: 1 | H3: 1 | I3: 23000 | J3: =H3*I3 -> 23000
A4: ATF | B4: 1442305 | C4: ATF-010 | D4: KARTU | E4: Ya | F4: 1 | G4: 1 | H4: 4 | I4: 23000 | J4: =H4*I4 -> 92000
A5: ATF | B5: 1442305 | C5: ATF-011 | D5: KARTU | E5: Ya | F5: 1 | G5: 1 | H5: 13 | I5: 23000 | J5: =H5*I5 -> 299000
A6: ATF | B6: 1442305 | C6: ATF-014 | D6: FLAZZ | E6: Ya | F6: 1 | G6: 1 | H6: 6 | I6: 35000 | J6: =H6*I6 -> 210000
A7: ATF | B7: 1442305 | C7: ATF-015 | D7: FLAZZ | E7: Ya | F7: 1 | G7: 1 | H7: 3370 | I7: 35000 | J7: =H7*I7 -> 117950000
A8: ATF | B8: 1442305 | C8: ATF-016 | D8: FLAZZ | E8: Ya | F8: 1 | G8: 1 | H8: 10 | I8: 35000 | J8: =H8*I8 -> 350000
A9: CEK | B9: 1442105 | C9: IDSS-507 | D9: BUKU | E9: Ya | F9: 1 | G9: 1 | H9: 15000 | I9: 11093.35 | J9: =H9*I9 -> 166400250
A10: CEK | B10: 1442105 | C10: IDSS-508 | D10: BUKU | E10: Ya | F10: 1 | G10: 3 | H10: 10000 | I10: 3478.5 | J10: =H10*I10 -> 34785000
A11: CEK | B11: 1442105 | C11: IDSS-508 | D11: BUKU | E11: Ya | F11: 2 | G11: 3 | H11: 775 | I11: 10467.5 | J11: =H11*I11 -> 8112312.5
A12: CEK | B12: 1442105 | C12: IDSS-508 | D12: BUKU | E12: Ya | F12: 3 | G12: 3 | H12: 7500 | I12: 11043.4 | J12: =H12*I12 -> 82825500
A13: CTK | B13: 1442301 | C13: ATMS-705 | D13: LAPORAN | E13: Ya | F13: 1 | G13: 1 | H13: 4000 | I13: 475.2 | J13: =H13*I13 -> 1900800
... A134: TAB | B134: 1442102 | C134: IDSS-160 | D134: BUKU | E134: Ya | F134: 1 | G134: 1 | H134: 8890 | I134: 1887 | J134: =H134*I134 -> 16775430
I135: TOTAL | J135: =SUM(J2:J134) -> 9.8269157e+08

Sheet Ringkasan
A1: Ringkasan Nilai Stok Aktif per Kode GL (basis: snapshot sistem)
A3: Kategori | B3: Kode GL | C3: Keterangan | D3: Jml SKU ber-stok | E3: Nilai Stok (Rp)
A4: ATF | B4: 1442305 | C4: KARTU FLAZZ BCAS | D4: =SUMPRODUCT((Harga_FIFO_Stok_Aktif!$A$2:$A$134=A4)*(Harga_FIFO_Stok_Aktif!$F$2:$F$134=1)) -> 7 | E4: =SUMIFS(Harga_FIFO_Stok_Aktif!$J$2:$J$134,Harga_FIFO_Stok_Aktif!$A$2:$A$134,A4) -> 128216000
A5: ATK | B5: 1442302 | C5: ALAT TULIS KANTOR | D5: =SUMPRODUCT((Harga_FIFO_Stok_Aktif!$A$2:$A$134=A5)*(Harga_FIFO_Stok_Aktif!$F$2:$F$134=1)) -> 0 | E5: =SUMIFS(Harga_FIFO_Stok_Aktif!$J$2:$J$134,Harga_FIFO_Stok_Aktif!$A$2:$A$134,A5) -> 0
A6: CEK | B6: 1442105 | C6: BUKU CEK & BILYET GIRO | D6: =SUMPRODUCT((Harga_FIFO_Stok_Aktif!$A$2:$A$134=A6)*(Harga_FIFO_Stok_Aktif!$F$2:$F$134=1)) -> 2 | E6: =SUMIFS(Harga_FIFO_Stok_Aktif!$J$2:$J$134,Harga_FIFO_Stok_Aktif!$A$2:$A$134,A6) -> 2.9212306e+08
A7: CTK | B7: 1442301 | C7: BARANG CETAKAN | D7: =SUMPRODUCT((Harga_FIFO_Stok_Aktif!$A$2:$A$134=A7)*(Harga_FIFO_Stok_Aktif!$F$2:$F$134=1)) -> 74 | E7: =SUMIFS(Harga_FIFO_Stok_Aktif!$J$2:$J$134,Harga_FIFO_Stok_Aktif!$A$2:$A$134,A7) -> 2.1346556e+08
A8: DEP | B8: 1442103 | C8: BILYET DEPOSITO | D8: =SUMPRODUCT((Harga_FIFO_Stok_Aktif!$A$2:$A$134=A8)*(Harga_FIFO_Stok_Aktif!$F$2:$F$134=1)) -> 1 | E8: =SUMIFS(Harga_FIFO_Stok_Aktif!$J$2:$J$134,Harga_FIFO_Stok_Aktif!$A$2:$A$134,A8) -> 12175312
A9: LL2 | B9: 1442304 | C9: PERSEDIAAN BARANG LAINNYA | D9: =SUMPRODUCT((Harga_FIFO_Stok_Aktif!$A$2:$A$134=A9)*(Harga_FIFO_Stok_Aktif!$F$2:$F$134=1)) -> 6 | E9: =SUMIFS(Harga_FIFO_Stok_Aktif!$J$2:$J$134,Harga_FIFO_Stok_Aktif!$A$2:$A$134,A9) -> 30393250
A10: MTR | B10: 1442202 | C10: MATERAI - PERANGKO | D10: =SUMPRODUCT((Harga_FIFO_Stok_Aktif!$A$2:$A$134=A10)*(Harga_FIFO_Stok_Aktif!$F$2:$F$134=1)) -> 0 | E10: =SUMIFS(Harga_FIFO_Stok_Aktif!$J$2:$J$134,Harga_FIFO_Stok_Aktif!$A$2:$A$134,A10) -> 0
A11: PRO | B11: 1442303 | C11: BARANG PROMOSI | D11: =SUMPRODUCT((Harga_FIFO_Stok_Aktif!$A$2:$A$134=A11)*(Harga_FIFO_Stok_Aktif!$F$2:$F$134=1)) -> 24 | E11: =SUMIFS(Harga_FIFO_Stok_Aktif!$J$2:$J$134,Harga_FIFO_Stok_Aktif!$A$2:$A$134,A11) -> 239462527
A12: TAB | B12: 1442102 | C12: BUKU TABUNGAN | D12: =SUMPRODUCT((Harga_FIFO_Stok_Aktif!$A$2:$A$134=A12)*(Harga_FIFO_Stok_Aktif!$F$2:$F$134=1)) -> 4 | E12: =SUMIFS(Harga_FIFO_Stok_Aktif!$J$2:$J$134,Harga_FIFO_Stok_Aktif!$A$2:$A$134,A12) -> 66855855
C13: TOTAL | D13: =SUM(D4:D12) -> 118 | E13: =SUM(E4:E12) -> 9.8269157e+08
A15: CATATAN:
A16: 1. Sheet Buku_Besar = data manual kamu (349 baris, apa adanya) + 4 kolom baru: Kode GL (dilengkapi), Kategori GL, Keterangan GL, Sumber GL.
A17: 2. Sel KUNING = perlu konfirmasi manual: IDSS-302 & IDSS-505 (SKU tidak ada di sistem, GL diusulkan CTK/1442301) dan 1 sel tanggal IDSS-712 (' 4 ').
A18: 3. Sheet Harga_FIFO_Stok_Aktif = 133 baris harga dengan stok > 0 dari sistem (118 SKU). Baris BIRU = SKU dengan lebih dari 1 tingkat harga aktif (multi-batch FIFO).
A19: 4. Qty di sheet FIFO memakai SATUAN KECIL sistem (lembar/set/pcs), sedangkan stock opname Buku Besar memakai satuan besar (pack/box) - jangan dibandingkan langsung tanpa konversi.
A20: 5. Snapshot sistem berhenti di awal Juli 2026; mutasi setelahnya hanya ada di Buku Besar. 18 SKU ber-stok di sistem tidak muncul di Buku Besar (kolom 'Ada di Buku Besar' = Tidak) - kemungkinan belum dipindahkan.
A21: 6. Tiga tanggal tanpa tahun (9-Jul, 2-Jul, 14-Jul) dilengkapi menjadi 2026 sesuai konteks.
A22: Sumber: Buku_Besar.csv (manual, terupdate) + Persediaan_Gabungan_GL_Qty.xlsx (sistem lama, snapshot awal Juli 2026). Disusun 20 Jul 2026.
